City_ID,City,Country,Date,Lat,Lng,Max Temp,Humidity,Cloudiness,Wind Speed
0,North Platte,US,2022-07-26 05:59:24,41.1239,-100.7654,292.1,97,38,3.13
1,Buluang,PH,2022-07-26 06:00:18,13.3068,123.3425,303.5,71,89,2.02
2,Fuerte Olimpo,PY,2022-07-26 06:00:19,-21.0415,-57.8738,295.98,41,1,2.42
3,Clyde River,CA,2022-07-26 06:00:19,70.4692,-68.5914,275.28,100,100,3.6
4,Mayumba,GA,2022-07-26 06:00:20,-3.432,10.6554,294.51,90,100,1.32
5,Kasongo-Lunda,CD,2022-07-26 06:00:21,-6.4667,16.8167,293.85,49,5,0.72
6,Axim,GH,2022-07-26 06:00:21,4.8699,-2.2405,296.76,85,69,1.85
7,Beni Mazar,EG,2022-07-26 06:00:22,28.4962,30.8029,303.35,30,0,4.1
8,Kapaa,US,2022-07-26 06:00:23,22.0752,-159.319,300.14,78,11,3.13
9,Cimislia,MD,2022-07-26 06:00:23,46.52,28.7842,294.23,37,1,1.04
10,Leningradskiy,RU,2022-07-26 06:00:24,69.3833,178.4167,274.54,91,100,5.16
11,Jieshi,CN,2022-07-26 06:00:24,22.8134,115.8257,304.05,67,13,4.95
12,Hobyo,SO,2022-07-26 06:00:25,5.3505,48.5268,299.97,62,89,9.67
13,Novyy Urengoy,RU,2022-07-26 06:00:25,66.0833,76.6333,290.91,42,64,6.13
14,Ames,US,2022-07-26 05:57:47,42.0347,-93.6199,293.23,93,0,0.0
15,Vagay,RU,2022-07-26 06:00:26,57.9375,69.0217,299.87,63,14,2.73
16,Mayo,US,2022-07-26 06:00:26,38.8876,-76.5119,298.21,91,100,0.45
17,Souillac,MU,2022-07-26 05:56:38,-20.5167,57.5167,296.36,73,75,5.14
18,San Patricio,US,2022-07-26 06:00:27,28.017,-97.5169,303.09,78,41,5.28
19,Havre-Saint-Pierre,CA,2022-07-26 06:00:27,50.2334,-63.5986,290.35,94,75,4.63
20,Bluff,NZ,2022-07-26 06:00:28,-46.6,168.3333,280.26,90,100,11.95
21,Victoria,HK,2022-07-26 05:58:32,22.2855,114.1577,308.69,67,41,6.71
22,Busselton,AU,2022-07-26 06:00:29,-33.65,115.3333,289.09,78,100,6.3
23,Paidha,UG,2022-07-26 06:00:29,2.4167,30.9855,292.4,77,100,1.5
24,Reconquista,AR,2022-07-26 06:00:30,-29.15,-59.65,294.4,69,16,4.87
25,Punta Arenas,CL,2022-07-26 06:00:14,-53.15,-70.9167,272.1,80,6,3.79
26,Ushuaia,AR,2022-07-26 06:00:02,-54.8,-68.3,268.18,91,45,2.33
27,Guadalupe Y Calvo,MX,2022-07-26 06:00:31,26.1,-106.9667,285.22,91,100,1.87
28,Albany,US,2022-07-26 05:56:08,42.6001,-73.9662,290.73,84,0,2.26
29,Rio Gallegos,AR,2022-07-26 06:00:31,-51.6226,-69.2181,270.16,72,0,4.49
30,Hilo,US,2022-07-26 05:57:00,19.7297,-155.09,298.31,98,81,1.79
31,Hit,IQ,2022-07-26 06:00:32,33.6416,42.8251,310.13,10,0,5.47
32,Tuktoyaktuk,CA,2022-07-26 06:00:33,69.4541,-133.0374,287.04,63,73,7.61
33,Cayenne,GF,2022-07-26 06:00:33,4.9333,-52.3333,298.76,1,0,0.51
34,Lebu,CL,2022-07-26 06:00:34,-37.6167,-73.65,284.79,87,26,10.96
35,Kupang,ID,2022-07-26 06:00:35,-10.1667,123.5833,301.88,49,36,4.06
36,Changtu,CN,2022-07-26 06:00:35,42.7788,124.0955,301.8,73,100,4.72
37,Dhidhdhoo,MV,2022-07-26 06:00:36,6.8833,73.1,300.88,77,35,7.8
38,Cape Town,ZA,2022-07-26 06:00:36,-33.9258,18.4232,287.66,59,2,0.64
39,College,US,2022-07-26 06:00:37,64.8569,-147.8028,289.86,75,84,7.07
40,Katsuura,JP,2022-07-26 06:00:37,35.1333,140.3,302.16,87,100,8.42
41,Qaanaaq,GL,2022-07-26 06:00:38,77.484,-69.3632,276.35,70,4,2.2
42,Tuatapere,NZ,2022-07-26 06:00:39,-46.1333,167.6833,279.73,94,100,5.2
43,Upernavik,GL,2022-07-26 06:01:39,72.7868,-56.1549,275.89,91,78,3.99
44,Meulaboh,ID,2022-07-26 06:01:40,4.1363,96.1285,298.42,89,100,1.76
45,Rikitea,PF,2022-07-26 06:01:40,-23.1203,-134.9692,297.09,75,83,4.4
46,Castro,BR,2022-07-26 06:01:40,-24.7911,-50.0119,285.92,77,62,1.25
47,Asau,RO,2022-07-26 06:01:41,46.4333,26.4,292.75,42,3,0.64
48,Rawson,AR,2022-07-26 06:00:54,-43.3002,-65.1023,280.31,100,100,2.06
49,Libertador General San Martin,AR,2022-07-26 06:01:41,-23.8064,-64.7876,295.36,63,17,0.89
50,Cidreira,BR,2022-07-26 06:01:42,-30.1811,-50.2056,289.18,95,4,4.14
51,Avera,US,2022-07-26 06:01:42,33.194,-82.5271,298.18,85,98,2.74
52,San Ignacio,BZ,2022-07-26 06:01:43,17.1561,-89.0714,295.6,99,100,0.73
53,Bell Ville,AR,2022-07-26 06:01:43,-32.6259,-62.6887,288.52,96,100,1.02
54,Mitha Tiwana,PK,2022-07-26 06:01:44,32.2486,72.1108,308.0,49,36,2.45
55,Bonavista,CA,2022-07-26 06:01:44,48.6499,-53.1147,289.98,96,89,6.89
56,Ostrovnoy,RU,2022-07-26 06:01:45,68.0531,39.5131,287.55,65,80,7.73
57,Guerrero Negro,MX,2022-07-26 06:01:45,27.9769,-114.0611,293.38,84,72,3.3
58,Bredasdorp,ZA,2022-07-26 06:01:46,-34.5322,20.0403,282.08,50,2,2.53
59,Hirara,JP,2022-07-26 06:01:46,24.8,125.2833,303.13,71,12,3.37
60,Lake Havasu City,US,2022-07-26 06:01:47,34.4839,-114.3224,303.96,48,0,4.63
61,Vitim,RU,2022-07-26 06:01:47,59.4511,112.5578,305.74,28,0,2.7
62,Mar Del Plata,AR,2022-07-26 06:01:47,-38.0023,-57.5575,285.98,98,100,1.34
63,Bandarbeyla,SO,2022-07-26 06:01:48,9.4942,50.8122,301.75,51,100,14.04
64,Portland,US,2022-07-26 05:59:44,45.5234,-122.6762,300.98,52,0,0.71
65,Saldanha,ZA,2022-07-26 06:01:49,-33.0117,17.9442,286.59,47,1,2.09
66,Butaritari,KI,2022-07-26 05:58:52,3.0707,172.7902,301.21,71,87,7.13
67,Praia Da Vitoria,PT,2022-07-26 06:01:49,38.7333,-27.0667,296.35,95,3,1.86
68,Tiksi,RU,2022-07-26 06:01:50,71.6872,128.8694,285.59,75,76,2.19
69,Ginir,ET,2022-07-26 06:01:50,7.1333,40.7,290.73,58,56,5.55
70,Lavrentiya,RU,2022-07-26 06:01:51,65.5833,-171.0,278.18,85,100,5.56
71,Ryzdvyanyy,RU,2022-07-26 06:01:51,45.2656,41.8389,296.54,60,99,4.48
72,Lagoa,PT,2022-07-26 06:01:52,39.05,-27.9833,296.09,89,2,4.87
73,Tatvan,TR,2022-07-26 06:01:52,38.5067,42.2817,297.69,32,0,1.88
74,Nuevo Progreso,MX,2022-07-26 06:01:52,23.1667,-97.95,299.01,68,28,0.45
75,Villa Florida,PY,2022-07-26 06:01:53,-26.3833,-57.15,293.3,64,0,2.71
76,Port Elizabeth,ZA,2022-07-26 06:00:32,-33.918,25.5701,284.18,67,0,3.93
77,Port Lincoln,AU,2022-07-26 06:01:53,-34.7333,135.8667,287.68,60,67,5.74
78,Provideniya,RU,2022-07-26 06:01:54,64.3833,-173.3,280.84,69,93,4.02
79,Puerto Ayora,EC,2022-07-26 06:01:54,-0.7393,-90.3518,294.01,95,96,0.89
80,Kibala,TD,2022-07-26 06:01:55,9.1104,18.3463,294.6,97,100,4.72
81,Pemagatsel,BT,2022-07-26 06:01:55,27.0319,91.4266,295.72,76,86,2.37
82,Walvis Bay,NA,2022-07-26 06:01:56,-22.9575,14.5053,285.42,88,80,0.36
83,Veraval,IN,2022-07-26 06:01:56,20.9,70.3667,301.93,76,99,7.05
84,Vestmannaeyjar,IS,2022-07-26 05:57:56,63.4427,-20.2734,283.91,84,96,0.56
85,Jamestown,US,2022-07-26 05:58:35,42.097,-79.2353,287.99,88,19,0.45
86,Pedernales,DO,2022-07-26 06:01:57,18.0384,-71.744,300.32,70,12,2.34
87,Aljezur,PT,2022-07-26 06:01:57,37.3191,-8.8033,291.01,89,0,4.52
88,Arraial Do Cabo,BR,2022-07-26 06:01:58,-22.9661,-42.0278,294.27,85,7,7.58
89,Umea,SE,2022-07-26 06:01:58,63.8284,20.2597,290.11,94,100,5.14
90,Ust-Kuyga,RU,2022-07-26 06:01:59,70.0167,135.6,298.58,45,53,3.34
91,New Norfolk,AU,2022-07-26 06:02:59,-42.7826,147.0587,288.87,66,59,0.45
92,Shirokiy,RU,2022-07-26 06:02:59,49.758,129.523,302.24,54,2,1.42
93,Bengkulu,ID,2022-07-26 06:03:00,-3.8004,102.2655,301.2,63,99,2.42
94,Bambous Virieux,MU,2022-07-26 06:03:00,-20.3428,57.7575,296.6,71,6,4.85
95,Omsukchan,RU,2022-07-26 06:03:01,62.5333,155.8,293.53,31,87,4.79
96,Tazovskiy,RU,2022-07-26 06:03:01,67.4667,78.7,288.8,49,83,6.79
97,Hofn,IS,2022-07-26 06:03:02,64.2539,-15.2082,284.25,82,18,0.3
98,East London,ZA,2022-07-26 06:03:03,-33.0153,27.9116,285.52,65,0,5.08
99,Pevek,RU,2022-07-26 06:03:03,69.7008,170.3133,275.91,78,51,6.42
100,Sangmelima,CM,2022-07-26 06:03:04,2.9333,11.9833,292.85,99,99,1.14
101,Yeniseysk,RU,2022-07-26 06:03:04,58.4497,92.1703,293.15,54,54,3.33
102,Kruisfontein,ZA,2022-07-26 06:03:05,-34.0033,24.7314,282.6,59,0,3.38
103,Sao Jose Da Coroa Grande,BR,2022-07-26 06:03:05,-8.8978,-35.1478,295.16,80,16,3.19
104,Port Hardy,CA,2022-07-26 06:00:56,50.6996,-127.4199,287.39,96,27,1.32
105,Avarua,CK,2022-07-26 06:03:06,-21.2078,-159.775,293.18,77,20,2.57
106,Aykhal,RU,2022-07-26 06:03:06,66.0,111.5,297.62,65,100,5.43
107,Tilichiki,RU,2022-07-26 06:03:07,60.4667,166.1,287.34,74,90,3.76
108,Maceio,BR,2022-07-26 06:03:07,-9.6658,-35.7353,293.84,94,20,2.06
109,Salalah,OM,2022-07-26 06:03:08,17.0151,54.0924,297.84,95,100,4.54
110,Sorong,ID,2022-07-26 06:03:09,-0.8833,131.25,301.0,80,77,1.91
111,Narsaq,GL,2022-07-26 06:03:09,60.9167,-46.05,281.27,85,99,0.55
112,Mataura,NZ,2022-07-26 06:03:10,-46.1927,168.8643,280.08,97,100,4.46
113,Isangel,VU,2022-07-26 06:03:10,-19.55,169.2667,296.43,88,99,6.85
114,Grand-Santi,GF,2022-07-26 06:03:11,4.25,-54.3833,294.99,99,80,0.69
115,Pochutla,MX,2022-07-26 06:03:11,15.7432,-96.4661,295.68,91,62,1.87
116,Port Hawkesbury,CA,2022-07-26 06:03:11,45.6169,-61.3485,295.87,92,100,6.17
117,Mattru,SL,2022-07-26 06:03:12,7.6244,-11.8332,293.46,93,20,0.24
118,Wanaka,NZ,2022-07-26 06:01:00,-44.7,169.15,278.21,95,100,2.23
119,Port Augusta,AU,2022-07-26 06:03:13,-32.5,137.7667,288.87,45,1,5.81
120,Vaini,TO,2022-07-26 06:03:13,-21.2,-175.2,296.69,63,97,6.19
121,Sudak,UA,2022-07-26 06:03:13,44.85,34.9667,296.96,61,3,0.91
122,Codrington,AU,2022-07-26 05:59:11,-38.2667,141.9667,284.79,65,63,8.92
123,Acapulco,MX,2022-07-26 05:59:04,16.8634,-99.8901,298.83,76,75,2.35
124,Cocorit,MX,2022-07-26 06:03:14,27.5833,-109.9667,301.69,70,97,2.32
125,Matara,LK,2022-07-26 06:03:15,5.9485,80.5353,303.12,67,90,6.0
126,Hasaki,JP,2022-07-26 06:00:21,35.7333,140.8333,303.37,88,100,8.13
127,Dikson,RU,2022-07-26 06:03:16,73.5069,80.5464,282.88,74,77,10.75
128,Kitui,KE,2022-07-26 06:03:16,-1.367,38.0106,291.07,70,100,3.65
129,Los Llanos De Aridane,ES,2022-07-26 06:03:17,28.6585,-17.9182,300.01,39,0,4.63
130,Khandyga,RU,2022-07-26 06:03:17,62.6667,135.6,299.35,40,27,1.05
131,Namibe,AO,2022-07-26 06:03:18,-15.1961,12.1522,290.74,72,11,3.36
132,Samarai,PG,2022-07-26 06:03:18,-10.6167,150.6667,299.83,73,74,5.55
133,Mackenzie,CA,2022-07-26 06:00:12,55.2999,-123.1698,288.06,88,37,0.8
134,Yangjiang,CN,2022-07-26 06:03:19,21.85,111.9667,306.63,61,18,3.55
135,Bull Savanna,JM,2022-07-26 06:03:19,17.8868,-77.5902,297.66,86,100,4.11
136,Nur,PL,2022-07-26 06:03:20,52.6683,22.3221,293.32,66,81,5.01
137,Itarema,BR,2022-07-26 06:04:21,-2.9248,-39.9167,297.64,85,95,6.58
138,Hobart,AU,2022-07-26 06:01:04,-42.8794,147.3294,289.07,73,75,3.6
139,Barrow,US,2022-07-26 06:04:21,71.2906,-156.7887,275.16,87,100,14.92
140,Baruun-Urt,MN,2022-07-26 06:04:22,46.6806,113.2792,296.33,52,99,5.5
141,Norman Wells,CA,2022-07-26 06:04:22,65.282,-126.8329,292.99,50,78,4.79
142,Khatanga,RU,2022-07-26 06:04:23,71.9667,102.5,299.33,32,1,1.61
143,Williamsburg,US,2022-07-26 06:00:04,37.2707,-76.7075,299.68,88,100,1.34
144,Ponta Do Sol,PT,2022-07-26 06:04:24,32.6667,-17.1,300.5,36,61,2.17
145,Esperance,AU,2022-07-26 06:04:24,-33.8667,121.9,291.42,44,45,8.7
146,Alice Springs,AU,2022-07-26 06:00:16,-23.7,133.8833,293.83,32,0,6.69
147,Atuona,PF,2022-07-26 06:04:25,-9.8,-139.0333,298.55,68,0,5.73
148,Mahebourg,MU,2022-07-26 06:04:26,-20.4081,57.7,297.18,71,6,4.86
149,Ribeira Grande,PT,2022-07-26 06:04:26,38.5167,-28.7,296.7,87,13,3.0
150,Torbay,CA,2022-07-26 06:01:01,47.6666,-52.7314,292.91,91,40,9.77
151,Hermanus,ZA,2022-07-26 06:04:27,-34.4187,19.2345,286.44,48,2,3.16
152,Denpasar,ID,2022-07-26 06:00:48,-8.65,115.2167,300.96,74,75,8.75
153,Djenne,ML,2022-07-26 06:04:28,13.9061,-4.5533,300.49,68,99,4.71
154,Verkhnevilyuysk,RU,2022-07-26 06:04:29,63.4453,120.3167,303.83,40,1,4.38
155,Port Alfred,ZA,2022-07-26 06:04:29,-33.5906,26.891,285.56,68,0,5.82
156,Wad Madani,SD,2022-07-26 06:04:29,14.4012,33.5199,302.19,51,100,5.72
157,Marsa Matruh,EG,2022-07-26 06:04:30,31.3525,27.2453,300.91,64,0,5.28
158,Shelburne,CA,2022-07-26 06:04:31,44.0787,-80.2041,286.9,84,2,3.31
159,Talcahuano,CL,2022-07-26 06:02:10,-36.7167,-73.1167,285.08,87,47,10.27
160,Lompoc,US,2022-07-26 06:00:35,34.6391,-120.4579,287.88,85,100,4.02
161,Ilulissat,GL,2022-07-26 06:04:31,69.2167,-51.1,280.16,93,100,1.03
162,Ambanja,MG,2022-07-26 06:04:32,-13.6833,48.45,297.54,66,56,0.91
163,Chiredzi,ZW,2022-07-26 06:04:32,-21.05,31.6667,288.19,67,8,1.95
164,Anna Paulowna,NL,2022-07-26 06:04:33,52.862,4.834,289.87,81,75,4.12
165,Chapaevsk,RU,2022-07-26 06:04:33,52.9813,49.7112,296.13,67,22,2.3
166,Dukat,RU,2022-07-26 06:04:34,62.55,155.55,292.47,31,53,5.99
167,Curvelo,BR,2022-07-26 06:04:34,-18.7564,-44.4308,287.75,80,0,1.41
168,Rio De Janeiro,BR,2022-07-26 06:03:04,-22.9028,-43.2075,292.55,79,18,0.92
169,Bathsheba,BB,2022-07-26 06:04:35,13.2167,-59.5167,299.85,93,40,7.2
170,Yar-Sale,RU,2022-07-26 06:04:35,66.8333,70.8333,287.85,54,68,10.74
171,Aksarka,RU,2022-07-26 06:02:52,66.5606,67.7975,285.14,67,77,10.61
172,Finnsnes,NO,2022-07-26 06:04:36,69.2296,17.9811,287.49,77,93,2.21
173,Thompson,CA,2022-07-26 06:01:01,55.7435,-97.8558,282.1,97,79,1.42
174,Gondanglegi,ID,2022-07-26 06:04:37,-7.7479,112.0132,303.53,51,85,4.77
175,Kresttsy,RU,2022-07-26 06:04:37,58.2452,32.5165,294.63,69,33,0.69
176,Kavieng,PG,2022-07-26 06:04:38,-2.5744,150.7967,302.28,69,99,6.67
177,Copiapo,CL,2022-07-26 06:04:39,-27.3667,-70.3333,282.98,73,0,0.83
178,Guaruja,BR,2022-07-26 06:04:39,-23.9931,-46.2564,291.9,76,81,0.05
179,Mvomero,TZ,2022-07-26 06:04:40,-6.25,38.6667,297.72,70,70,2.76
180,Kutum,SD,2022-07-26 06:04:41,14.2,24.6667,299.73,50,74,6.07
181,Linqiong,CN,2022-07-26 06:04:41,30.4159,103.4609,305.39,68,13,2.03
182,Faanui,PF,2022-07-26 06:05:42,-16.4833,-151.75,299.3,71,62,4.69
183,Dyersburg,US,2022-07-26 06:05:42,36.0345,-89.3856,301.1,91,0,1.54
184,Iquitos,PE,2022-07-26 06:05:43,-3.7481,-73.2472,297.17,100,75,0.51
185,Kalmunai,LK,2022-07-26 06:05:43,7.4167,81.8167,305.13,55,70,2.41
186,Bestobe,KZ,2022-07-26 06:05:44,52.4994,73.0975,304.22,26,32,2.54
187,Yellowknife,CA,2022-07-26 06:01:30,62.456,-114.3525,289.02,67,17,3.58
188,Port Blair,IN,2022-07-26 06:05:44,11.6667,92.75,304.17,70,40,4.63
189,Oksfjord,NO,2022-07-26 06:05:45,70.2396,22.3479,289.19,82,74,1.93
190,San Policarpo,PH,2022-07-26 06:05:45,12.1791,125.5072,302.83,71,96,3.79
191,Balsta,SE,2022-07-26 06:05:46,59.5671,17.5278,291.17,97,100,4.47
192,Tura,IN,2022-07-26 06:05:46,25.5198,90.2201,298.24,90,98,1.26
193,Asahikawa,JP,2022-07-26 06:05:46,43.7678,142.3703,300.57,61,11,2.15
194,Tasiilaq,GL,2022-07-26 06:05:47,65.6145,-37.6368,277.24,88,100,0.84
195,Sitka,US,2022-07-26 06:05:47,57.0531,-135.33,287.09,88,100,0.0
196,Nizza Monferrato,IT,2022-07-26 06:05:48,44.7738,8.3539,299.96,74,17,0.18
197,Constitucion,CL,2022-07-26 06:03:04,-35.3333,-72.4167,284.73,94,100,7.69
198,Camana,PE,2022-07-26 06:05:49,-16.6228,-72.7111,288.57,87,44,4.02
199,Nanortalik,GL,2022-07-26 06:05:49,60.1432,-45.2371,278.97,96,100,2.49
200,Mago,RU,2022-07-26 06:05:50,53.2514,140.1822,289.2,81,100,3.5
201,Nyrob,RU,2022-07-26 06:05:50,60.733,56.7202,292.28,44,99,2.78
202,Hovd,MN,2022-07-26 06:05:51,48.0056,91.6419,293.43,28,3,3.83
203,Senanga,ZM,2022-07-26 06:05:51,-16.1167,23.2667,287.76,50,0,2.6
204,Astana,KZ,2022-07-26 06:05:52,51.1801,71.446,303.12,23,0,5.0
205,Vavoua,CI,2022-07-26 06:05:52,7.3819,-6.4778,292.28,94,17,1.33
206,Valparaiso,CL,2022-07-26 06:05:52,-33.0393,-71.6273,283.95,81,40,0.0
207,Porto Belo,BR,2022-07-26 06:03:44,-27.1578,-48.5531,291.62,94,0,1.08
208,Roma,US,2022-07-26 06:05:53,43.2128,-75.4557,288.08,93,0,1.54
209,Geraldton,AU,2022-07-26 06:05:54,-28.7667,114.6,292.38,39,16,2.57
210,Chokurdakh,RU,2022-07-26 06:05:54,70.6333,147.9167,291.78,30,35,6.01
211,Deputatskiy,RU,2022-07-26 06:05:55,69.3,139.9,289.86,58,97,3.24
212,Bethel,US,2022-07-26 06:05:55,41.3712,-73.414,295.17,83,41,2.17
213,Le Port,RE,2022-07-26 06:05:56,-20.9373,55.2919,297.93,64,18,1.56
214,Ukiah,US,2022-07-26 06:05:56,39.1502,-123.2078,294.47,52,0,2.57
215,Kaitangata,NZ,2022-07-26 06:05:57,-46.2817,169.8464,280.48,93,100,7.42
216,Emerald,AU,2022-07-26 06:05:57,-23.5333,148.1667,298.34,47,0,3.75
217,Sao Joao Da Barra,BR,2022-07-26 06:05:58,-21.6403,-41.0511,293.91,87,1,3.66
218,Chanute,US,2022-07-26 06:05:58,37.6792,-95.4572,298.97,78,0,3.09
219,Carnarvon,AU,2022-07-26 06:05:59,-24.8667,113.6333,294.66,37,0,3.23
220,Christchurch,NZ,2022-07-26 06:05:46,-43.5333,172.6333,284.21,96,100,2.57
221,Peachland,CA,2022-07-26 06:05:59,49.7665,-119.7357,297.47,49,4,1.92
222,Livingston,GB,2022-07-26 06:06:00,55.9029,-3.5226,286.04,82,75,2.06
223,Beyneu,KZ,2022-07-26 06:06:00,45.3167,55.2,301.46,36,0,7.38
224,Okha,RU,2022-07-26 06:06:01,53.5739,142.9478,288.14,92,100,1.44
225,Belen,TR,2022-07-26 06:06:01,36.4891,36.2233,299.23,51,0,7.2
226,Omboue,GA,2022-07-26 06:07:02,-1.5746,9.2618,295.67,81,98,2.88
227,Zastron,ZA,2022-07-26 06:07:02,-30.3023,27.084,278.33,40,0,2.2
228,Erenhot,CN,2022-07-26 06:07:03,43.6475,111.9767,303.48,25,97,5.47
229,Sao Felix Do Xingu,BR,2022-07-26 06:07:03,-6.6447,-51.995,293.74,62,5,0.57
230,Saint George,US,2022-07-26 06:07:04,37.1041,-113.5841,295.72,81,0,3.6
231,Rocha,UY,2022-07-26 06:07:04,-34.4833,-54.3333,288.53,97,100,3.05
232,Saint Anthony,US,2022-07-26 06:07:05,45.0205,-93.218,293.52,83,100,3.09
233,Arlit,NE,2022-07-26 06:07:05,18.7369,7.3853,306.71,15,11,4.77
234,Poros,GR,2022-07-26 06:07:06,37.4994,23.4536,301.4,56,0,3.73
235,Mount Kisco,US,2022-07-26 06:07:06,41.2043,-73.7271,297.21,79,51,0.45
236,Rio Grande,BR,2022-07-26 06:07:07,-32.035,-52.0986,289.79,99,92,3.33
237,Lakhimpur,IN,2022-07-26 06:02:53,27.95,80.7667,308.53,45,21,6.4
238,Yerbogachen,RU,2022-07-26 06:07:07,61.2767,108.0108,303.9,39,12,4.69
239,Coffs Harbour,AU,2022-07-26 06:07:08,-30.3,153.1333,296.13,53,40,5.14
240,Saint-Philippe,RE,2022-07-26 06:07:08,-21.3585,55.7679,297.71,75,42,4.62
241,Chuy,UY,2022-07-26 06:07:09,-33.6971,-53.4616,287.34,97,95,3.81
242,Yuzhou,CN,2022-07-26 06:07:09,34.1628,113.4639,305.23,58,18,1.57
243,Tabou,CI,2022-07-26 06:07:09,4.423,-7.3528,295.59,82,14,0.69
244,Toora-Khem,RU,2022-07-26 06:07:10,52.4675,96.11,290.19,45,94,3.15
245,Ulladulla,AU,2022-07-26 06:07:11,-35.35,150.4667,288.65,80,35,5.78
246,Zhigansk,RU,2022-07-26 06:07:11,66.7697,123.3711,297.49,43,17,1.86
247,Springdale,US,2022-07-26 06:07:12,36.1867,-94.1288,303.08,56,0,3.09
248,Kieta,PG,2022-07-26 06:07:12,-6.2167,155.6333,300.95,75,29,1.36
249,San Cristobal,VE,2022-07-26 06:07:13,7.7669,-72.225,291.34,89,94,1.24
250,Berlevag,NO,2022-07-26 06:07:13,70.8578,29.0864,289.15,88,75,4.12
251,Nikolskoye,RU,2022-07-26 06:07:13,59.7035,30.7861,296.09,65,90,1.64
252,Barmstedt,DE,2022-07-26 06:07:14,53.7833,9.7667,290.6,94,25,1.34
253,Bykovo,RU,2022-07-26 06:07:14,55.6361,38.0803,297.38,71,0,3.0
254,Saskylakh,RU,2022-07-26 06:07:15,71.9167,114.0833,298.7,54,82,2.34
255,Tay Ninh,VN,2022-07-26 06:07:15,11.3,106.1,305.23,59,47,2.17
256,Nyimba,ZM,2022-07-26 06:07:16,-14.5566,30.8149,291.07,57,1,3.9
257,Grindavik,IS,2022-07-26 06:07:16,63.8424,-22.4338,283.41,93,100,4.12
258,Villaviciosa,ES,2022-07-26 06:05:46,43.4813,-5.4357,292.13,88,100,1.51
259,Zlobin,HR,2022-07-26 06:07:17,45.2924,14.6541,297.76,51,0,0.0
260,Kuah,MY,2022-07-26 06:07:17,6.3265,99.8432,300.96,76,75,1.18
261,Luau,AO,2022-07-26 06:07:18,-10.7073,22.2247,288.59,42,2,2.68
262,Jacqueville,CI,2022-07-26 06:07:18,5.2052,-4.4146,297.54,81,78,2.28
263,Kenai,US,2022-07-26 06:06:24,60.5544,-151.2583,287.2,69,0,14.92
264,Comodoro Rivadavia,AR,2022-07-26 06:03:51,-45.8667,-67.5,276.37,69,83,6.66
265,Hamilton,US,2022-07-26 06:07:02,39.1834,-84.5333,296.97,81,75,1.34
266,San Andres,CO,2022-07-26 06:07:19,12.5847,-81.7006,301.16,78,75,3.09
267,Nichinan,JP,2022-07-26 06:07:20,31.6,131.3667,302.82,77,18,1.84
268,Aklavik,CA,2022-07-26 06:07:20,68.2191,-135.0107,292.51,54,100,3.56
269,Mikkeli,FI,2022-07-26 06:07:21,61.6886,27.2723,291.56,82,0,2.57
270,Wainwright,CA,2022-07-26 06:07:21,52.839,-110.8572,285.23,90,54,3.33
271,Malpe,IN,2022-07-26 06:07:21,13.35,74.7167,302.76,73,100,3.58
272,Chimbote,PE,2022-07-26 06:04:55,-9.0853,-78.5783,289.46,88,57,3.24
273,Otane,NZ,2022-07-26 06:08:22,-39.8833,176.6333,288.16,88,44,3.51
274,Vila Franca Do Campo,PT,2022-07-26 06:08:23,37.7167,-25.4333,296.04,93,25,1.34
275,San Vicente,AR,2022-07-26 06:08:23,-26.6167,-54.1333,288.42,82,0,1.2
276,Makhinjauri,GE,2022-07-26 06:08:23,41.6739,41.694,296.07,73,40,3.09
277,San Rafael,AR,2022-07-26 06:05:48,-34.6177,-68.3301,281.2,95,18,1.61
278,Gap,FR,2022-07-26 06:08:24,44.6667,6.0,285.28,71,17,3.09
279,Kedrovyy,RU,2022-07-26 06:08:24,56.1667,91.8167,289.38,84,95,3.09
280,Ketchikan,US,2022-07-26 06:08:25,55.3422,-131.6461,291.41,77,75,4.12
281,Iqaluit,CA,2022-07-26 06:08:25,63.7506,-68.5145,277.98,100,72,0.89
282,Gamba,GA,2022-07-26 06:08:26,-2.65,10.0,294.94,84,100,1.58
283,Dudinka,RU,2022-07-26 06:08:26,69.4058,86.1778,291.83,55,100,6.68
284,Elizabeth City,US,2022-07-26 06:05:59,36.2946,-76.2511,300.36,84,0,7.2
285,Pagegiai,LT,2022-07-26 06:08:27,55.1381,21.9089,293.35,71,92,5.51
286,Beringovskiy,RU,2022-07-26 06:08:27,63.05,179.3167,281.79,82,100,3.94
287,Nishihara,JP,2022-07-26 06:08:28,26.1842,127.7558,301.86,84,75,4.63
288,Svetlaya,RU,2022-07-26 06:08:28,46.5389,138.3297,295.21,77,32,1.19
289,Dergachi,RU,2022-07-26 06:08:29,51.2328,48.7659,296.56,60,19,2.49
290,Dawlatabad,AF,2022-07-26 06:08:29,36.4141,64.9053,313.66,10,0,5.13
291,Keflavik,IS,2022-07-26 06:08:29,64.0049,-22.5624,283.39,93,100,4.12
292,Cherskiy,RU,2022-07-26 06:08:30,68.75,161.3,286.26,43,73,8.26
293,Ottawa,CA,2022-07-26 06:06:38,45.4112,-75.6981,291.9,79,92,2.58
294,Howard,US,2022-07-26 06:08:31,39.2504,-76.933,297.05,91,100,0.45
295,Khon Kaen,TH,2022-07-26 06:08:31,16.5,102.0833,307.62,47,68,1.02
296,Polczyn-Zdroj,PL,2022-07-26 06:08:32,53.7642,16.0957,292.09,85,100,4.99
297,Nagaur,IN,2022-07-26 06:08:32,27.2,73.7333,306.08,54,18,4.45
298,Bundaberg,AU,2022-07-26 06:08:32,-24.85,152.35,295.49,67,10,1.34
299,Kahului,US,2022-07-26 06:08:33,20.8947,-156.47,297.51,84,40,6.69
300,Lacombe,CA,2022-07-26 06:08:33,52.4668,-113.7353,288.33,88,19,1.86
301,Kodiak,US,2022-07-26 06:08:34,57.79,-152.4072,285.88,62,0,4.12
302,Shubarshi,KZ,2022-07-26 06:08:34,48.5872,57.1869,299.82,38,65,6.3
303,Silver City,US,2022-07-26 06:08:35,32.7701,-108.2803,291.85,82,63,1.79
304,Kaeo,NZ,2022-07-26 06:08:35,-35.1,173.7833,286.11,88,56,7.74
305,Porto Novo,BJ,2022-07-26 06:08:36,6.4965,2.6036,296.32,93,98,2.81
306,Cabo San Lucas,MX,2022-07-26 06:06:04,22.8909,-109.9124,302.38,70,8,3.13
307,Choctaw,US,2022-07-26 06:08:36,35.4976,-97.2689,305.96,46,0,4.12
308,Puri,IN,2022-07-26 06:08:37,19.8,85.85,304.44,72,100,4.48
309,Ulaangom,MN,2022-07-26 06:08:37,49.9811,92.0667,295.06,30,37,2.78
310,Abu Kamal,SY,2022-07-26 06:08:37,34.4506,40.9171,306.19,15,0,4.19
311,Qazigund,IN,2022-07-26 06:08:38,33.6333,75.15,298.63,68,77,1.06
312,Benito Juarez,MX,2022-07-26 06:08:38,19.385,-99.165,290.05,74,75,4.63
313,Saint-Augustin,CA,2022-07-26 06:08:39,51.226,-58.6502,288.03,99,100,2.71
314,Logan,US,2022-07-26 06:06:04,41.7355,-111.8344,297.54,45,0,1.79
315,Kamenka,RU,2022-07-26 06:08:39,51.3223,42.7678,296.41,64,11,0.03
316,Klaksvik,FO,2022-07-26 06:08:40,62.2266,-6.589,283.66,80,12,3.62
317,Port Hedland,AU,2022-07-26 06:08:40,-20.3167,118.5667,302.18,20,2,2.57
318,Arboletes,CO,2022-07-26 06:09:41,8.8505,-76.4269,297.92,89,92,3.25
319,Maldonado,UY,2022-07-26 06:05:27,-34.6667,-54.9167,288.81,96,100,4.59
320,Dunedin,NZ,2022-07-26 06:09:41,-45.8742,170.5036,280.77,93,100,8.52
321,Lakes Entrance,AU,2022-07-26 06:09:42,-37.8811,147.981,283.61,77,99,9.85
322,Orlik,RU,2022-07-26 06:09:42,52.5178,99.825,288.72,52,97,3.17
323,Fortuna,US,2022-07-26 06:09:43,40.5982,-124.1573,286.44,88,36,0.28
324,Puerto Escondido,MX,2022-07-26 06:09:43,15.85,-97.0667,298.76,82,70,1.53
325,Tamandare,BR,2022-07-26 06:09:43,-8.7597,-35.1047,295.04,84,37,3.29
326,Barentu,ER,2022-07-26 06:07:14,15.1139,37.5928,297.22,68,99,2.65
327,Tessalit,ML,2022-07-26 06:09:44,20.1986,1.0114,304.17,10,8,3.68
328,Farah,AF,2022-07-26 06:09:44,32.5,62.5,308.59,30,90,1.75
329,Tera,NE,2022-07-26 06:09:45,14.0078,0.7531,301.25,54,100,4.91
330,Strezhevoy,RU,2022-07-26 06:09:45,60.7333,77.5889,294.56,60,79,3.23
331,Requena,ES,2022-07-26 06:09:46,39.4883,-1.1004,295.11,83,35,2.25
332,Pinhao,BR,2022-07-26 06:09:46,-25.6956,-51.6597,284.68,85,0,1.19
333,Ucluelet,CA,2022-07-26 06:09:46,48.9329,-125.5528,292.64,82,7,1.49
334,La Tuque,CA,2022-07-26 06:09:47,47.4334,-72.7824,285.52,89,45,2.38
335,Mount Isa,AU,2022-07-26 06:09:48,-20.7333,139.5,297.02,25,0,7.72
336,Gat,IL,2022-07-26 06:09:48,31.61,34.7642,304.48,33,0,1.46
337,Wakkanai,JP,2022-07-26 06:09:49,45.4094,141.6739,294.35,80,11,3.62
338,Paysandu,UY,2022-07-26 06:07:42,-32.3214,-58.0756,291.41,93,100,4.46
339,Longyearbyen,SJ,2022-07-26 06:09:49,78.2186,15.6401,282.06,81,75,4.63
340,Mount Gambier,AU,2022-07-26 06:09:50,-37.8333,140.7667,285.03,64,7,5.25
341,Bayan,CN,2022-07-26 06:09:50,46.0833,127.4,303.0,58,22,1.88
342,Sulangan,PH,2022-07-26 06:09:51,11.1373,123.7228,302.36,69,48,1.45
343,Lensk,RU,2022-07-26 06:09:51,60.7253,114.9278,306.58,37,17,2.5
344,Goderich,CA,2022-07-26 06:09:51,43.7501,-81.7165,289.77,68,23,2.23
345,Huambo,AO,2022-07-26 06:09:52,-12.7761,15.7392,284.76,43,0,1.11
346,Okhotsk,RU,2022-07-26 06:09:52,59.3833,143.3,290.68,74,34,4.11
347,Jalu,LY,2022-07-26 06:09:53,29.0331,21.5482,301.64,33,1,3.84
348,Alyangula,AU,2022-07-26 06:09:53,-13.8483,136.4192,298.47,64,4,5.61
349,Talaya,RU,2022-07-26 06:09:53,61.3833,152.75,296.44,30,54,4.72
350,Kaabong,UG,2022-07-26 06:09:54,3.4836,34.1492,294.17,58,95,3.08
351,Quatre Cocos,MU,2022-07-26 06:09:54,-20.2078,57.7625,297.09,72,5,5.01
352,Hithadhoo,MV,2022-07-26 06:09:55,-0.6,73.0833,301.41,74,23,6.31
353,Mogadishu,SO,2022-07-26 06:09:55,2.0371,45.3438,298.57,76,59,8.54
354,Fethiye,TR,2022-07-26 06:09:55,36.6217,29.1164,307.08,27,0,0.51
355,Dingle,PH,2022-07-26 06:09:56,10.9995,122.6711,303.48,74,58,3.87
356,Airai,TL,2022-07-26 06:09:56,-8.9266,125.4092,296.14,39,30,2.18
357,Kogon,UZ,2022-07-26 06:09:57,39.7228,64.5517,308.17,26,1,7.2
358,Petropavlovsk-Kamchatskiy,RU,2022-07-26 06:09:57,53.0452,158.6483,288.48,67,75,5.0
359,Flinders,AU,2022-07-26 06:09:58,-34.5833,150.8552,288.75,59,12,8.9
360,Moratuwa,LK,2022-07-26 06:09:58,6.773,79.8816,303.16,75,97,4.08
361,Jardim,BR,2022-07-26 06:09:59,-21.4803,-56.1381,293.26,47,1,1.06
362,Vaitape,PF,2022-07-26 06:09:59,-16.5167,-151.75,298.6,75,89,5.0
363,Te Anau,NZ,2022-07-26 06:10:00,-45.4167,167.7167,278.49,98,100,1.91
364,Ponta Delgada,PT,2022-07-26 06:10:00,37.7333,-25.6667,296.21,88,40,1.54
365,Schwabisch Gmund,DE,2022-07-26 06:10:01,48.7995,9.7981,295.35,80,96,2.64
366,Caxito,AO,2022-07-26 06:11:01,-8.5785,13.6643,295.38,86,100,0.78
367,Maiduguri,NG,2022-07-26 06:11:01,11.8464,13.1603,298.89,74,99,5.61
368,Caravelas,BR,2022-07-26 06:11:02,-17.7125,-39.2481,293.29,86,65,2.08
369,Mentougou,CN,2022-07-26 06:11:03,39.9392,116.0917,305.67,41,43,4.5
370,Volot,RU,2022-07-26 06:11:03,57.9278,30.7025,293.57,74,46,0.81
371,Batemans Bay,AU,2022-07-26 06:11:04,-35.7167,150.1833,286.54,82,64,4.46
372,Waddan,LY,2022-07-26 06:11:04,29.1614,16.139,299.28,39,0,2.26
373,Kununurra,AU,2022-07-26 06:11:05,-15.7667,128.7333,307.14,14,23,3.6
374,Gobabis,NA,2022-07-26 06:11:05,-22.45,18.9667,286.96,40,52,5.73
375,Vostok,RU,2022-07-26 06:11:06,46.4856,135.8833,295.91,70,82,2.52
376,Ugoofaaru,MV,2022-07-26 06:11:06,5.6667,73.0,300.98,79,72,8.12
377,Maniitsoq,GL,2022-07-26 06:11:07,65.4167,-52.9,277.21,96,87,4.37
378,Sillod,IN,2022-07-26 06:08:11,20.3,75.65,299.94,69,96,5.62
379,Kharagpur,IN,2022-07-26 06:11:08,22.3333,87.3333,300.16,84,100,3.0
380,Eureka,US,2022-07-26 06:11:08,40.8021,-124.1637,286.59,89,57,0.84
381,Moyale,KE,2022-07-26 06:11:09,3.5167,39.0584,292.46,57,41,6.99
382,Zhezkazgan,KZ,2022-07-26 06:11:10,47.8043,67.7144,304.14,13,40,4.0
383,Ancud,CL,2022-07-26 06:11:10,-41.8697,-73.8203,282.16,91,97,5.03
384,Lorengau,PG,2022-07-26 06:11:12,-2.0226,147.2712,301.38,72,88,3.85
385,Bosaso,SO,2022-07-26 06:11:12,11.2842,49.1816,306.84,36,87,9.17
386,Fairbanks,US,2022-07-26 06:10:32,64.8378,-147.7164,290.34,69,75,8.23
387,Huangpi,CN,2022-07-26 06:11:13,30.8845,114.3779,305.72,67,84,3.53
388,Hami,CN,2022-07-26 06:11:13,42.8,93.45,307.39,11,0,1.81
389,Florianopolis,BR,2022-07-26 06:07:12,-27.6146,-48.5012,290.2,95,75,2.57
390,Natal,BR,2022-07-26 06:06:49,-5.795,-35.2094,293.51,100,0,2.06
391,Smirnykh,RU,2022-07-26 06:11:14,49.75,142.8333,292.41,92,100,0.5
392,Novyy Nekouz,RU,2022-07-26 06:11:15,57.9029,38.07,294.75,76,42,2.22
393,Queanbeyan,AU,2022-07-26 06:11:15,-35.35,149.2333,283.9,60,100,7.2
394,Altamira,BR,2022-07-26 06:11:16,-3.2033,-52.2064,297.6,75,72,1.01
395,Ambulu,ID,2022-07-26 06:11:16,-8.345,113.6058,301.77,63,49,4.84
396,Olga,RU,2022-07-26 06:11:17,43.7444,135.2892,298.71,70,77,3.29
397,Molteno,ZA,2022-07-26 06:11:17,-31.3968,26.3625,277.95,38,0,3.38
398,Las Vegas,US,2022-07-26 06:08:26,36.175,-115.1372,301.86,60,0,2.06
399,Pangnirtung,CA,2022-07-26 06:11:18,66.1451,-65.7125,279.46,84,44,1.31
400,Bantayan,PH,2022-07-26 06:11:19,11.2,123.7333,302.2,69,50,1.67
401,Faya,SA,2022-07-26 06:11:20,18.3851,42.4509,293.44,39,99,1.59
402,Emba,KZ,2022-07-26 06:11:21,48.8264,58.1442,299.75,41,91,6.97
403,Broome,US,2022-07-26 06:11:21,42.2506,-75.833,288.71,95,0,0.93
404,Alim,PH,2022-07-26 06:11:22,9.5649,122.4876,302.16,75,93,3.32
405,Erzin,TR,2022-07-26 06:11:22,36.9559,36.2,302.15,39,0,2.19
406,Muros,ES,2022-07-26 06:11:23,42.7762,-9.0603,290.98,83,7,3.77
407,Poum,NC,2022-07-26 06:11:23,-20.2333,164.0167,296.17,72,0,4.91
408,Sept-Iles,CA,2022-07-26 06:11:02,50.2001,-66.3821,289.44,98,75,4.63
409,Gusau,NG,2022-07-26 06:11:24,12.1628,6.6614,296.2,87,100,5.22
410,Tigil,RU,2022-07-26 06:11:24,57.8,158.6667,290.64,46,53,5.35
411,Saint-Pierre,RE,2022-07-26 06:12:25,-21.3393,55.4781,297.75,60,20,1.03
412,Indianola,US,2022-07-26 06:09:09,41.3581,-93.5574,293.42,73,96,3.01
413,Launceston,AU,2022-07-26 06:12:26,-41.45,147.1667,286.95,72,40,3.6
414,San Jose Iturbide,MX,2022-07-26 06:12:26,21.0,-100.3833,288.52,92,58,2.2
415,Gizo,SB,2022-07-26 06:12:27,-8.103,156.8419,302.29,69,15,3.07
416,Mwingi,KE,2022-07-26 06:12:27,-0.9344,38.0601,293.51,61,98,4.33
417,Severnyy,RU,2022-07-26 06:12:28,50.677,36.5532,291.17,94,75,3.0
418,Papar,MY,2022-07-26 06:12:28,5.7333,115.9333,304.15,76,100,2.74
419,Kavaratti,IN,2022-07-26 06:11:00,10.5669,72.642,300.69,75,32,7.33
420,Bilibino,RU,2022-07-26 06:12:29,68.0546,166.4372,283.41,48,74,6.96
421,Methoni,GR,2022-07-26 06:12:29,36.8197,21.7049,301.6,57,0,0.58
422,Russell,US,2022-07-26 06:08:01,32.3502,-85.1999,297.04,88,0,2.06
423,Albox,ES,2022-07-26 06:12:30,37.3886,-2.1495,299.44,17,1,1.17
424,Juneau,US,2022-07-26 06:12:31,58.3019,-134.4197,287.15,98,100,3.6
425,Bose,IT,2022-07-26 06:12:31,45.4612,8.0137,297.46,78,5,0.74
426,Saint-Joseph,RE,2022-07-26 06:10:08,-21.3667,55.6167,297.15,72,38,3.77
427,Izhevsk,RU,2022-07-26 06:11:21,56.85,53.2333,298.22,74,28,2.97
428,Westport,US,2022-07-26 06:12:32,41.1415,-73.3579,297.47,87,75,3.6
429,Tyazhinskiy,RU,2022-07-26 06:12:33,56.116,88.524,291.13,72,56,3.78
430,Oistins,BB,2022-07-26 06:07:43,13.0667,-59.5333,299.55,89,40,7.2
431,Meiganga,CM,2022-07-26 06:12:33,6.5167,14.3,291.29,99,100,1.21
432,University Park,US,2022-07-26 06:12:33,25.7465,-80.3676,300.38,88,100,4.12
433,Coquimbo,CL,2022-07-26 06:12:34,-29.9533,-71.3436,285.46,80,60,0.63
434,Esperantina,BR,2022-07-26 06:09:02,-3.9017,-42.2336,294.07,91,72,1.04
435,Zyryanka,RU,2022-07-26 06:12:34,65.75,150.85,294.98,28,91,4.6
436,Itaituba,BR,2022-07-26 06:12:36,-4.2761,-55.9836,295.33,69,37,0.48
437,Georgetown,MY,2022-07-26 06:12:36,5.4112,100.3354,305.11,66,20,2.06
438,Manaus,BR,2022-07-26 06:12:37,-3.1019,-60.025,300.42,78,0,2.06
439,Colares,PT,2022-07-26 06:12:37,38.7992,-9.4469,294.7,75,2,10.28
440,Chebenki,RU,2022-07-26 06:12:38,51.9337,55.7077,294.01,61,100,0.91
441,Alihe,CN,2022-07-26 06:12:38,50.5667,123.7167,300.29,57,77,2.96
442,Inhambane,MZ,2022-07-26 06:12:39,-23.865,35.3833,291.14,82,20,1.54
443,Kargopol,RU,2022-07-26 06:12:39,61.5071,38.9456,293.45,63,86,2.3
444,Chifeng,CN,2022-07-26 06:12:40,42.2683,118.9636,304.81,40,44,7.99
445,Oranjestad,AW,2022-07-26 06:12:40,12.524,-70.027,300.07,83,99,9.34
446,Vilani,LV,2022-07-26 06:12:41,56.5525,26.9245,292.53,69,66,2.82
447,Abu Zabad,SD,2022-07-26 06:12:41,12.35,29.25,300.19,64,99,5.83
448,Makoshyne,UA,2022-07-26 06:12:42,51.46,32.3396,291.81,80,16,3.24
449,Tezu,IN,2022-07-26 06:12:42,27.9167,96.1667,302.0,86,84,1.45
450,Bambanglipuro,ID,2022-07-26 06:12:42,-7.95,110.2833,300.27,63,87,5.07
451,Alugan,PH,2022-07-26 06:12:43,12.2188,125.4808,302.46,72,94,3.07
452,Klenovyy,UA,2022-07-26 06:12:43,48.1193,39.4588,295.17,64,22,2.7
453,Vagur,FO,2022-07-26 06:12:44,61.4732,-6.8119,282.97,87,21,4.06
454,Adeje,ES,2022-07-26 06:09:44,28.1227,-16.726,305.76,21,0,3.6
455,Mogocha,RU,2022-07-26 06:12:45,53.7333,119.7667,302.37,36,51,3.93
456,Alofi,NU,2022-07-26 06:12:45,-19.0595,-169.9187,296.76,61,59,8.02
457,Susanville,US,2022-07-26 06:12:45,40.4163,-120.653,300.06,22,0,4.63
458,Ovsyanka,RU,2022-07-26 06:12:46,55.9575,92.5519,290.69,86,94,3.74
459,Mareeba,AU,2022-07-26 06:12:46,-17.0,145.4333,297.84,67,0,3.27
460,Gumdag,TM,2022-07-26 06:13:47,39.2061,54.5906,304.02,42,93,5.11
461,Lata,PT,2022-07-26 06:13:47,40.1629,-8.3327,288.15,97,6,0.87
462,Adrar,MR,2022-07-26 06:13:48,20.5022,-10.0711,303.74,37,52,2.94
463,Honiara,SB,2022-07-26 06:10:32,-9.4333,159.95,302.12,71,32,2.18
464,Bonthe,SL,2022-07-26 06:13:49,7.5264,-12.505,297.08,77,59,0.85
465,Zatoka,UA,2022-07-26 06:13:49,46.0725,30.4654,296.5,53,0,3.26
466,Tremosnice,CZ,2022-07-26 06:13:50,49.8691,15.58,295.13,66,75,6.17
467,Ati,TD,2022-07-26 06:13:50,13.2154,18.3353,301.9,56,99,4.2
468,Luderitz,NA,2022-07-26 06:13:51,-26.6481,15.1594,285.18,89,61,8.0
469,Siderno,IT,2022-07-26 06:13:51,38.2779,16.302,301.11,61,0,3.34
470,Havre,FR,2022-07-26 06:13:51,49.5833,0.3333,290.56,72,100,4.12
471,Tripoli,LY,2022-07-26 06:13:52,32.8752,13.1875,300.83,49,0,2.59
472,San Gabriel Casa Blanca,MX,2022-07-26 06:13:53,18.15,-97.1333,293.22,92,88,1.28
473,Sao Domingos Do Maranhao,BR,2022-07-26 06:10:11,-5.5758,-44.3853,295.49,48,78,2.58
474,Kota Kinabalu,MY,2022-07-26 06:13:53,5.9749,116.0724,304.14,74,20,2.68
475,Hualmay,PE,2022-07-26 06:13:54,-11.0964,-77.6139,289.5,84,82,4.12
476,San Martin,AR,2022-07-26 06:13:54,-33.081,-68.4681,285.45,92,28,3.33
477,Kamarion,GR,2022-07-26 06:13:55,36.8,25.8167,297.65,78,0,12.09
478,Nauta,PE,2022-07-26 06:13:56,-4.5061,-73.5757,295.05,98,88,0.32
479,Syracuse,IT,2022-07-26 06:13:56,37.0881,15.2792,297.92,55,0,1.18
480,Sur,OM,2022-07-26 06:13:56,22.5667,59.5289,303.33,68,100,2.49
481,Dubbo,AU,2022-07-26 06:13:57,-32.25,148.6167,286.22,47,40,9.26
482,Karratha,AU,2022-07-26 06:13:57,-20.7377,116.8463,299.11,24,2,4.12
483,Wundanyi,KE,2022-07-26 06:09:15,-3.4019,38.364,290.06,63,76,2.61
484,Dhadar,IN,2022-07-26 06:13:58,28.3305,75.0632,306.49,51,11,7.86
485,Nikolayevka,RU,2022-07-26 06:12:14,53.1257,47.2041,294.08,78,51,2.75
486,San Anselmo,US,2022-07-26 06:13:59,37.9747,-122.5616,289.31,86,0,0.45
487,Kamaishi,JP,2022-07-26 06:13:59,39.2667,141.8833,299.5,86,51,2.44
488,Kirgiz-Miyaki,RU,2022-07-26 06:14:00,53.6324,54.7979,295.49,73,67,2.93
489,Uthal,PK,2022-07-26 06:14:00,25.8072,66.6219,303.93,70,87,3.31
490,Trier,DE,2022-07-26 06:14:01,49.7557,6.6394,291.46,77,2,1.89
491,Saint Leonard,CA,2022-07-26 06:14:01,47.173,-67.9247,289.25,89,1,2.17
492,Urengoy,RU,2022-07-26 06:14:02,65.9667,78.3667,291.22,42,83,4.83
493,Nemuro,JP,2022-07-26 06:14:02,43.3236,145.575,292.01,87,2,4.53
494,Severo-Kurilsk,RU,2022-07-26 06:14:02,50.6789,156.125,285.76,83,72,3.24
495,Ahipara,NZ,2022-07-26 06:14:03,-35.1667,173.1667,286.14,81,93,9.36
496,Chernenko,RU,2022-07-26 06:14:03,44.365,39.3103,296.76,58,78,2.4
497,Coruripe,BR,2022-07-26 06:14:04,-10.1256,-36.1756,294.73,83,56,3.23
498,Santa Isabel,BR,2022-07-26 06:14:04,-23.3156,-46.2214,286.76,88,89,0.64
499,Saint-Francois,FR,2022-07-26 06:14:05,46.4154,3.9054,289.84,77,40,3.6
500,Foix,FR,2022-07-26 06:14:05,42.8333,1.5833,293.2,96,91,1.52
501,Savannah Bight,HN,2022-07-26 06:14:06,16.45,-85.85,301.19,76,81,6.9
502,Castelo Do Piaui,BR,2022-07-26 06:14:07,-5.3222,-41.5525,292.79,58,45,2.19
503,Kysyl-Syr,RU,2022-07-26 06:12:15,63.8986,122.7617,303.21,37,5,3.85
504,Bereznehuvate,UA,2022-07-26 06:14:07,47.3078,32.8499,296.47,53,0,4.09
505,Korla,CN,2022-07-26 06:14:08,41.7597,86.1469,308.61,14,0,5.15
506,Weligama,LK,2022-07-26 06:15:09,5.9667,80.4167,302.34,70,91,6.04
507,Qandala,SO,2022-07-26 06:15:09,11.472,49.8728,306.17,43,89,2.33
508,Aguimes,ES,2022-07-26 06:15:10,27.9054,-15.4461,299.5,51,0,7.72
509,Shizunai,JP,2022-07-26 06:15:11,42.3339,142.3669,295.83,82,15,1.92
510,Necochea,AR,2022-07-26 06:15:11,-38.5473,-58.7368,285.25,97,100,3.51
511,Olafsvik,IS,2022-07-26 06:15:12,64.8945,-23.7142,284.02,88,100,3.57
512,Morondava,MG,2022-07-26 06:15:12,-20.2833,44.2833,295.28,61,32,3.23
513,Zemio,CF,2022-07-26 06:15:13,5.0314,25.1361,294.73,95,99,0.92
514,Beloha,MG,2022-07-26 06:15:13,-25.1667,45.05,294.05,56,1,2.5
515,Karabulak,RU,2022-07-26 06:15:14,43.3036,44.8964,297.7,44,1,2.1
516,Naze,JP,2022-07-26 06:15:14,28.3667,129.4833,303.66,73,33,3.19
517,Coihaique,CL,2022-07-26 06:13:05,-45.5752,-72.0662,269.12,93,20,0.0
518,Areia Branca,BR,2022-07-26 06:15:15,-4.9561,-37.1369,295.12,66,74,4.52
519,Quballat,TN,2022-07-26 06:15:15,36.5418,9.6633,302.38,29,0,1.45
520,Areka,ET,2022-07-26 06:15:16,7.0667,37.7,289.84,82,87,2.21
521,Ygatimi,PY,2022-07-26 06:15:17,-24.0833,-55.5,293.2,53,0,1.64
522,Antalaha,MG,2022-07-26 06:15:17,-14.9003,50.2788,296.03,67,40,3.04
523,Celestun,MX,2022-07-26 06:15:18,20.8667,-90.4,299.53,79,34,4.74
524,Puerto Plata,DO,2022-07-26 06:10:47,19.7934,-70.6884,299.06,94,20,0.0
525,Brigantine,US,2022-07-26 06:15:19,39.4101,-74.3646,298.73,91,0,2.57
526,Pacific Grove,US,2022-07-26 06:15:20,36.6177,-121.9166,288.97,88,34,1.34
527,Caconda,AO,2022-07-26 06:15:20,-13.7333,15.0667,285.17,42,0,2.12
528,Ocos,GT,2022-07-26 06:15:21,14.5094,-92.1933,296.25,80,66,2.06
529,Viedma,AR,2022-07-26 06:15:22,-40.8135,-62.9967,282.35,97,100,2.6
530,Kondinskoye,RU,2022-07-26 06:15:22,59.6481,67.41,297.04,59,73,2.85
531,Shalinskoye,RU,2022-07-26 06:15:23,55.7228,93.7594,289.05,71,61,5.21
532,Sao Miguel Do Araguaia,BR,2022-07-26 06:15:23,-13.275,-50.1628,294.58,45,11,2.51
533,Mildura,AU,2022-07-26 06:15:23,-34.2,142.15,288.19,52,5,8.87
534,Gladstone,AU,2022-07-26 06:15:24,-23.85,151.25,295.11,53,3,5.14
535,Luquillo,PR,2022-07-26 06:15:24,18.3725,-65.7166,301.11,77,86,5.86
536,Huilong,CN,2022-07-26 06:15:25,31.8111,121.655,303.6,75,46,5.85
537,Xining,CN,2022-07-26 06:15:25,36.6167,101.7667,297.48,36,77,5.22
538,Pangody,RU,2022-07-26 06:15:26,65.85,74.4859,291.07,42,21,7.33
539,Richards Bay,ZA,2022-07-26 06:15:26,-28.783,32.0377,287.45,71,1,2.14
540,Fort Saint James,CA,2022-07-26 06:15:27,54.4333,-124.25,289.61,78,44,0.7
541,Vardo,NO,2022-07-26 06:15:27,70.3705,31.1107,287.14,88,75,7.2
542,Pedra Branca,BR,2022-07-26 06:15:28,-5.4542,-39.7172,290.84,69,82,1.69
543,Saint-Georges,GD,2022-07-26 06:15:28,12.0564,-61.7485,298.92,86,38,4.63
544,Palm Coast,US,2022-07-26 06:13:39,29.585,-81.2078,301.48,88,11,7.15
545,Ardesen,TR,2022-07-26 06:15:29,41.1911,40.9875,296.12,59,0,1.2
546,Wanning,CN,2022-07-26 06:15:30,18.8003,110.3967,304.87,60,5,3.07
547,Shimoda,JP,2022-07-26 06:15:30,34.6667,138.95,302.35,92,100,5.03
548,Laguna,US,2022-07-26 06:15:31,38.421,-121.4238,298.16,64,0,3.6
549,Marawi,PH,2022-07-26 06:15:32,7.9986,124.2928,298.53,85,100,0.95
550,Troitsko-Pechorsk,RU,2022-07-26 06:16:32,62.7084,56.1964,289.65,43,27,3.31
551,Shingu,JP,2022-07-26 06:16:33,33.7333,135.9833,302.15,82,100,1.92
552,Nuuk,GL,2022-07-26 06:16:33,64.1835,-51.7216,277.49,100,100,6.17
553,Pangkalanbuun,ID,2022-07-26 06:16:33,-2.6833,111.6167,304.07,56,96,2.15
554,Salina Cruz,MX,2022-07-26 06:16:34,16.1667,-95.2,299.32,75,97,3.75
555,Aliwal North,ZA,2022-07-26 06:16:34,-30.6937,26.7114,279.14,42,0,1.68
556,Ossora,RU,2022-07-26 06:16:35,59.2353,163.0719,289.43,74,67,3.15
557,Majene,ID,2022-07-26 06:16:35,-3.5403,118.9707,302.63,67,55,3.92
558,San Carlos,VE,2022-07-26 06:16:35,9.6612,-68.5827,294.79,96,38,1.07
559,Kosh-Agach,RU,2022-07-26 06:16:36,50.0,88.6667,290.65,28,9,2.93
560,Nata,PA,2022-07-26 06:16:36,8.3333,-80.5167,297.2,91,100,1.18
561,Aden,YE,2022-07-26 06:16:37,12.7794,45.0367,301.91,80,76,6.67
562,Nha Trang,VN,2022-07-26 06:13:43,12.25,109.1833,305.15,69,100,3.32
563,Tateyama,JP,2022-07-26 06:16:38,34.9833,139.8667,302.65,90,100,8.14
564,Parfenyevo,RU,2022-07-26 06:16:38,58.484,43.4088,295.67,70,36,2.93
565,Sabang,ID,2022-07-26 06:16:39,5.8933,95.3214,300.68,76,99,3.8
566,Mao,ES,2022-07-26 06:13:00,39.8885,4.2658,299.46,65,0,10.8
567,Mizdah,LY,2022-07-26 06:16:39,31.4451,12.9801,298.29,28,0,1.06
568,Bocas Del Toro,PA,2022-07-26 06:16:40,9.3333,-82.25,299.38,79,99,1.22
569,Millinocket,US,2022-07-26 06:16:40,45.6573,-68.7098,293.21,64,20,2.06
570,Polunochnoye,RU,2022-07-26 06:16:41,60.8697,60.4153,292.08,42,99,1.4
